,pokedex_number,name,type_1,hp,attack,defense,sp_attack,sp_defense,speed
0,1,Bulbasaur,Grass,45,49,49,65,65,45
1,2,Ivysaur,Grass,60,62,63,80,80,60
2,3,Venusaur,Grass,80,82,83,100,100,80
3,3,Mega Venusaur,Grass,80,100,123,122,120,80
4,4,Charmander,Fire,39,52,43,60,50,65
5,5,Charmeleon,Fire,58,64,58,80,65,80
6,6,Charizard,Fire,78,84,78,109,85,100
7,6,Mega Charizard X,Fire,78,130,111,130,85,100
8,6,Mega Charizard Y,Fire,78,104,78,159,115,100
9,7,Squirtle,Water,44,48,65,50,64,43
10,8,Wartortle,Water,59,63,80,65,80,58
11,9,Blastoise,Water,79,83,100,85,105,78
12,9,Mega Blastoise,Water,79,103,120,135,115,78
13,10,Caterpie,Bug,45,30,35,20,20,45
14,11,Metapod,Bug,50,20,55,25,25,30
15,12,Butterfree,Bug,60,45,50,90,80,70
16,13,Weedle,Bug,40,35,30,20,20,50
17,14,Kakuna,Bug,45,25,50,25,25,35
18,15,Beedrill,Bug,65,90,40,45,80,75
19,15,Mega Beedrill,Bug,65,150,40,15,80,145
20,16,Pidgey,Normal,40,45,40,35,35,56
21,17,Pidgeotto,Normal,63,60,55,50,50,71
22,18,Pidgeot,Normal,83,80,75,70,70,101
23,18,Mega Pidgeot,Normal,83,80,80,135,80,121
24,19,Rattata,Normal,30,56,35,25,35,72
25,19,Alolan Rattata,Dark,30,56,35,25,35,72
26,20,Raticate,Normal,55,81,60,50,70,97
27,20,Alolan Raticate,Dark,75,71,70,40,80,77
28,21,Spearow,Normal,40,60,30,31,31,70
29,22,Fearow,Normal,65,90,65,61,61,100
30,23,Ekans,Poison,35,60,44,40,54,55
31,24,Arbok,Poison,60,95,69,65,79,80
32,25,Pikachu,Electric,35,55,40,50,50,90
33,25,Partner Pikachu,Electric,45,80,50,75,60,120
34,26,Raichu,Electric,60,90,55,90,80,110
35,26,Alolan Raichu,Electric,60,85,50,95,85,110
36,27,Sandshrew,Ground,50,75,85,20,30,40
37,27,Alolan Sandshrew,Ice,50,75,90,10,35,40
38,28,Sandslash,Ground,75,100,110,45,55,65
39,28,Alolan Sandslash,Ice,75,100,120,25,65,65
40,29,Nidoran♀,Poison,55,47,52,40,40,41
41,30,Nidorina,Poison,70,62,67,55,55,56
42,31,Nidoqueen,Poison,90,92,87,75,85,76
43,32,Nidoran♂,Poison,46,57,40,40,40,50
44,33,Nidorino,Poison,61,72,57,55,55,65
45,34,Nidoking,Poison,81,102,77,85,75,85
46,35,Clefairy,Fairy,70,45,48,60,65,35
47,36,Clefable,Fairy,95,70,73,95,90,60
48,37,Vulpix,Fire,38,41,40,50,65,65
49,37,Alolan Vulpix,Ice,38,41,40,50,65,65
50,38,Ninetales,Fire,73,76,75,81,100,100
51,38,Alolan Ninetales,Ice,73,67,75,81,100,109
52,39,Jigglypuff,Normal,115,45,20,45,25,20
53,40,Wigglytuff,Normal,140,70,45,85,50,45
54,41,Zubat,Poison,40,45,35,30,40,55
55,42,Golbat,Poison,75,80,70,65,75,90
56,43,Oddish,Grass,45,50,55,75,65,30
57,44,Gloom,Grass,60,65,70,85,75,40
58,45,Vileplume,Grass,75,80,85,110,90,50
59,46,Paras,Bug,35,70,55,45,55,25
60,47,Parasect,Bug,60,95,80,60,80,30
61,48,Venonat,Bug,60,55,50,40,55,45
62,49,Venomoth,Bug,70,65,60,90,75,90
63,50,Diglett,Ground,10,55,25,35,45,95
64,50,Alolan Diglett,Ground,10,55,30,35,45,90
65,51,Dugtrio,Ground,35,100,50,50,70,120
66,51,Alolan Dugtrio,Ground,35,100,60,50,70,110
67,52,Meowth,Normal,40,45,35,40,40,90
68,52,Alolan Meowth,Dark,40,35,35,50,40,90
69,52,Galarian Meowth,Steel,50,65,55,40,40,40
70,53,Persian,Normal,65,70,60,65,65,115
71,53,Alolan Persian,Dark,65,60,60,75,65,115
72,54,Psyduck,Water,50,52,48,65,50,55
73,55,Golduck,Water,80,82,78,95,80,85
74,56,Mankey,Fighting,40,80,35,35,45,70
75,57,Primeape,Fighting,65,105,60,60,70,95
76,58,Growlithe,Fire,55,70,45,70,50,60
77,59,Arcanine,Fire,90,110,80,100,80,95
78,60,Poliwag,Water,40,50,40,40,40,90
79,61,Poliwhirl,Water,65,65,65,50,50,90
80,62,Poliwrath,Water,90,95,95,70,90,70
81,63,Abra,Psychic,25,20,15,105,55,90
82,64,Kadabra,Psychic,40,35,30,120,70,105
83,65,Alakazam,Psychic,55,50,45,135,95,120
84,65,Mega Alakazam,Psychic,55,50,65,175,105,150
85,66,Machop,Fighting,70,80,50,35,35,35
86,67,Machoke,Fighting,80,100,70,50,60,45
87,68,Machamp,Fighting,90,130,80,65,85,55
88,69,Bellsprout,Grass,50,75,35,70,30,40
89,70,Weepinbell,Grass,65,90,50,85,45,55
90,71,Victreebel,Grass,80,105,65,100,70,70
91,72,Tentacool,Water,40,40,35,50,100,70
92,73,Tentacruel,Water,80,70,65,80,120,100
93,74,Geodude,Rock,40,80,100,30,30,20
94,74,Alolan Geodude,Rock,40,80,100,30,30,20
95,75,Graveler,Rock,55,95,115,45,45,35
96,75,Alolan Graveler,Rock,55,95,115,45,45,35
97,76,Golem,Rock,80,120,130,55,65,45
98,76,Alolan Golem,Rock,80,120,130,55,65,45
99,77,Ponyta,Fire,50,85,55,65,65,90
100,77,Galarian Ponyta,Psychic,50,85,55,65,65,90
101,78,Rapidash,Fire,65,100,70,80,80,105
102,78,Galarian Rapidash,Psychic,65,100,70,80,80,105
103,79,Slowpoke,Water,90,65,65,40,40,15
104,80,Slowbro,Water,95,75,110,100,80,30
105,80,Mega Slowbro,Water,95,75,180,130,80,30
106,81,Magnemite,Electric,25,35,70,95,55,45
107,82,Magneton,Electric,50,60,95,120,70,70
108,83,Farfetch'd,Normal,52,90,55,58,62,60
109,83,Galarian Farfetch'd,Fighting,52,95,55,58,62,55
110,84,Doduo,Normal,35,85,45,35,35,75
111,85,Dodrio,Normal,60,110,70,60,60,110
112,86,Seel,Water,65,45,55,45,70,45
113,87,Dewgong,Water,90,70,80,70,95,70
114,88,Grimer,Poison,80,80,50,40,50,25
115,88,Alolan Grimer,Poison,80,80,50,40,50,25
116,89,Muk,Poison,105,105,75,65,100,50
117,89,Alolan Muk,Poison,105,105,75,65,100,50
118,90,Shellder,Water,30,65,100,45,25,40
119,91,Cloyster,Water,50,95,180,85,45,70
120,92,Gastly,Ghost,30,35,30,100,35,80
121,93,Haunter,Ghost,45,50,45,115,55,95
122,94,Gengar,Ghost,60,65,60,130,75,110
123,94,Mega Gengar,Ghost,60,65,80,170,95,130
124,95,Onix,Rock,35,45,160,30,45,70
125,96,Drowzee,Psychic,60,48,45,43,90,42
126,97,Hypno,Psychic,85,73,70,73,115,67
127,98,Krabby,Water,30,105,90,25,25,50
128,99,Kingler,Water,55,130,115,50,50,75
129,100,Voltorb,Electric,40,30,50,55,55,100
130,101,Electrode,Electric,60,50,70,80,80,150
131,102,Exeggcute,Grass,60,40,80,60,45,40
132,103,Exeggutor,Grass,95,95,85,125,75,55
133,103,Alolan Exeggutor,Grass,95,105,85,125,75,45
134,104,Cubone,Ground,50,50,95,40,50,35
135,105,Marowak,Ground,60,80,110,50,80,45
136,105,Alolan Marowak,Fire,60,80,110,50,80,45
137,106,Hitmonlee,Fighting,50,120,53,35,110,87
138,107,Hitmonchan,Fighting,50,105,79,35,110,76
139,108,Lickitung,Normal,90,55,75,60,75,30
140,109,Koffing,Poison,40,65,95,60,45,35
141,110,Weezing,Poison,65,90,120,85,70,60
142,110,Galarian Weezing,Poison,65,90,120,85,70,60
143,111,Rhyhorn,Ground,80,85,95,30,30,25
144,112,Rhydon,Ground,105,130,120,45,45,40
145,113,Chansey,Normal,250,5,5,35,105,50
146,114,Tangela,Grass,65,55,115,100,40,60
147,115,Kangaskhan,Normal,105,95,80,40,80,90
148,115,Mega Kangaskhan,Normal,105,125,100,60,100,100
149,116,Horsea,Water,30,40,70,70,25,60
150,117,Seadra,Water,55,65,95,95,45,85
151,118,Goldeen,Water,45,67,60,35,50,63
152,119,Seaking,Water,80,92,65,65,80,68
153,120,Staryu,Water,30,45,55,70,55,85
154,121,Starmie,Water,60,75,85,100,85,115
155,122,Mr. Mime,Psychic,40,45,65,100,120,90
156,122,Galarian Mr. Mime,Psychic,50,65,65,90,90,100
157,123,Scyther,Bug,70,110,80,55,80,105
158,124,Jynx,Ice,65,50,35,115,95,95
159,125,Electabuzz,Electric,65,83,57,95,85,105
160,126,Magmar,Fire,65,95,57,100,85,93
161,127,Pinsir,Bug,65,125,100,55,70,85
162,127,Mega Pinsir,Bug,65,155,120,65,90,105
163,128,Tauros,Normal,75,100,95,40,70,110
164,129,Magikarp,Water,20,10,55,15,20,80
165,130,Gyarados,Water,95,125,79,60,100,81
166,130,Mega Gyarados,Water,95,155,109,70,130,81
167,131,Lapras,Water,130,85,80,85,95,60
168,132,Ditto,Normal,48,48,48,48,48,48
169,133,Eevee,Normal,55,55,50,45,65,55
170,133,Partner Eevee,Normal,65,75,70,65,85,75
171,134,Vaporeon,Water,130,65,60,110,95,65
172,135,Jolteon,Electric,65,65,60,110,95,130
173,136,Flareon,Fire,65,130,60,95,110,65
174,137,Porygon,Normal,65,60,70,85,75,40
175,138,Omanyte,Rock,35,40,100,90,55,35
176,139,Omastar,Rock,70,60,125,115,70,55
177,140,Kabuto,Rock,30,80,90,55,45,55
178,141,Kabutops,Rock,60,115,105,65,70,80
179,142,Aerodactyl,Rock,80,105,65,60,75,130
180,142,Mega Aerodactyl,Rock,80,135,85,70,95,150
181,143,Snorlax,Normal,160,110,65,65,110,30
182,144,Articuno,Ice,90,85,100,95,125,85
183,145,Zapdos,Electric,90,90,85,125,90,100
184,146,Moltres,Fire,90,100,90,125,85,90
185,147,Dratini,Dragon,41,64,45,50,50,50
186,148,Dragonair,Dragon,61,84,65,70,70,70
187,149,Dragonite,Dragon,91,134,95,100,100,80
188,150,Mewtwo,Psychic,106,110,90,154,90,130
189,150,Mega Mewtwo X,Psychic,106,190,100,154,100,130
190,150,Mega Mewtwo Y,Psychic,106,150,70,194,120,140
191,151,Mew,Psychic,100,100,100,100,100,100
192,152,Chikorita,Grass,45,49,65,49,65,45
193,153,Bayleef,Grass,60,62,80,63,80,60
194,154,Meganium,Grass,80,82,100,83,100,80
195,155,Cyndaquil,Fire,39,52,43,60,50,65
196,156,Quilava,Fire,58,64,58,80,65,80
197,157,Typhlosion,Fire,78,84,78,109,85,100
198,158,Totodile,Water,50,65,64,44,48,43
199,159,Croconaw,Water,65,80,80,59,63,58
200,160,Feraligatr,Water,85,105,100,79,83,78
201,161,Sentret,Normal,35,46,34,35,45,20
202,162,Furret,Normal,85,76,64,45,55,90
203,163,Hoothoot,Normal,60,30,30,36,56,50
204,164,Noctowl,Normal,100,50,50,86,96,70
205,165,Ledyba,Bug,40,20,30,40,80,55
206,166,Ledian,Bug,55,35,50,55,110,85
207,167,Spinarak,Bug,40,60,40,40,40,30
208,168,Ariados,Bug,70,90,70,60,70,40
209,169,Crobat,Poison,85,90,80,70,80,130
210,170,Chinchou,Water,75,38,38,56,56,67
211,171,Lanturn,Water,125,58,58,76,76,67
212,172,Pichu,Electric,20,40,15,35,35,60
213,173,Cleffa,Fairy,50,25,28,45,55,15
214,174,Igglybuff,Normal,90,30,15,40,20,15
215,175,Togepi,Fairy,35,20,65,40,65,20
216,176,Togetic,Fairy,55,40,85,80,105,40
217,177,Natu,Psychic,40,50,45,70,45,70
218,178,Xatu,Psychic,65,75,70,95,70,95
219,179,Mareep,Electric,55,40,40,65,45,35
220,180,Flaaffy,Electric,70,55,55,80,60,45
221,181,Ampharos,Electric,90,75,85,115,90,55
222,181,Mega Ampharos,Electric,90,95,105,165,110,45
223,182,Bellossom,Grass,75,80,95,90,100,50
224,183,Marill,Water,70,20,50,20,50,40
225,184,Azumarill,Water,100,50,80,60,80,50
226,185,Sudowoodo,Rock,70,100,115,30,65,30
227,186,Politoed,Water,90,75,75,90,100,70
228,187,Hoppip,Grass,35,35,40,35,55,50
229,188,Skiploom,Grass,55,45,50,45,65,80
230,189,Jumpluff,Grass,75,55,70,55,95,110
231,190,Aipom,Normal,55,70,55,40,55,85
232,191,Sunkern,Grass,30,30,30,30,30,30
233,192,Sunflora,Grass,75,75,55,105,85,30
234,193,Yanma,Bug,65,65,45,75,45,95
235,194,Wooper,Water,55,45,45,25,25,15
236,195,Quagsire,Water,95,85,85,65,65,35
237,196,Espeon,Psychic,65,65,60,130,95,110
238,197,Umbreon,Dark,95,65,110,60,130,65
239,198,Murkrow,Water,95,75,80,100,110,30
240,199,Slowking,,,,,,,
241,200,Misdreavus,Ghost,60,60,60,85,85,85
242,201,Unown,Psychic,48,72,48,72,48,48
243,202,Wobbuffet,Psychic,190,33,58,33,58,33
244,203,Girafarig,Normal,70,80,65,90,65,85
245,204,Pineco,Bug,50,65,90,35,35,15
246,205,Forretress,Bug,75,90,140,60,60,40
247,206,Dunsparce,Normal,100,70,70,65,65,45
248,207,Gligar,Ground,65,75,105,35,65,85
249,208,Steelix,Steel,75,85,200,55,65,30
250,208,Mega Steelix,Steel,75,125,230,55,95,30
251,209,Snubbull,Fairy,60,80,50,40,40,30
252,210,Granbull,Fairy,90,120,75,60,60,45
253,211,Qwilfish,Water,65,95,85,55,55,85
254,212,Scizor,Bug,70,130,100,55,80,65
255,212,Mega Scizor,Bug,70,150,140,65,100,75
256,213,Shuckle,Bug,20,10,230,10,230,5
257,214,Heracross,Bug,80,125,75,40,95,85
258,214,Mega Heracross,Bug,80,185,115,40,105,75
259,215,Sneasel,Dark,55,95,55,35,75,115
260,216,Teddiursa,Normal,60,80,50,50,50,40
261,217,Ursaring,Normal,90,130,75,75,75,55
262,218,Slugma,Fire,40,40,40,70,40,20
263,219,Magcargo,Fire,60,50,120,90,80,30
264,220,Swinub,Ice,50,50,40,30,30,50
265,221,Piloswine,Ice,100,100,80,60,60,50
266,222,Corsola,Water,65,55,95,65,95,35
267,222,Galarian Corsola,Ghost,60,55,100,65,100,30
268,223,Remoraid,Water,35,65,35,65,35,65
269,224,Octillery,Water,75,105,75,105,75,45
270,225,Delibird,Ice,45,55,45,65,45,75
271,226,Mantine,Water,85,40,70,80,140,70
272,227,Skarmory,Steel,65,80,140,40,70,70
273,228,Houndour,Dark,45,60,30,80,50,65
274,229,Houndoom,Dark,75,90,50,110,80,95
275,229,Mega Houndoom,Dark,75,90,90,140,90,115
276,230,Kingdra,Water,75,95,95,95,95,85
277,231,Phanpy,Ground,90,60,60,40,40,40
278,232,Donphan,Ground,90,120,120,60,60,50
279,233,Porygon2,Normal,85,80,90,105,95,60
280,234,Stantler,Normal,73,95,62,85,65,85
281,235,Smeargle,Normal,55,20,35,20,45,75
282,236,Tyrogue,Fighting,35,35,35,35,35,35
283,237,Hitmontop,Fighting,50,95,95,35,110,70
284,238,Smoochum,Ice,45,30,15,85,65,65
285,239,Elekid,Electric,45,63,37,65,55,95
286,240,Magby,Fire,45,75,37,70,55,83
287,241,Miltank,Normal,95,80,105,40,70,100
288,242,Blissey,Normal,255,10,10,75,135,55
289,243,Raikou,Electric,90,85,75,115,100,115
290,244,Entei,Fire,115,115,85,90,75,100
291,245,Suicune,Water,100,75,115,90,115,85
292,246,Larvitar,Rock,50,64,50,45,50,41
293,247,Pupitar,Rock,70,84,70,65,70,51
294,248,Tyranitar,Rock,100,134,110,95,100,61
295,248,Mega Tyranitar,Rock,100,164,150,95,120,71
296,249,Lugia,Psychic,106,90,130,90,154,110
297,250,Ho-oh,Fire,106,130,90,110,154,90
298,251,Celebi,Psychic,100,100,100,100,100,100
299,252,Treecko,Grass,40,45,35,65,55,70
300,253,Grovyle,Grass,50,65,45,85,65,95
301,254,Sceptile,Grass,70,85,65,105,85,120
302,254,Mega Sceptile,Grass,70,110,75,145,85,145
303,255,Torchic,Fire,45,60,40,70,50,45
304,256,Combusken,Fire,60,85,60,85,60,55
305,257,Blaziken,Fire,80,120,70,110,70,80
306,257,Mega Blaziken,Fire,80,160,80,130,80,100
307,258,Mudkip,Water,50,70,50,50,50,40
308,259,Marshtomp,Water,70,85,70,60,70,50
309,260,Swampert,Water,100,110,90,85,90,60
310,260,Mega Swampert,Water,100,150,110,95,110,70
311,261,Poochyena,Dark,35,55,35,30,30,35
312,262,Mightyena,Dark,70,90,70,60,60,70
313,263,Zigzagoon,Normal,38,30,41,30,41,60
314,263,Galarian Zigzagoon,Dark,38,30,41,30,41,60
315,264,Linoone,Normal,78,70,61,50,61,100
316,264,Galarian Linoone,Dark,78,70,61,50,61,100
317,265,Wurmple,Bug,45,45,35,20,30,20
318,266,Silcoon,Bug,50,35,55,25,25,15
319,267,Beautifly,Bug,60,70,50,100,50,65
320,268,Cascoon,Bug,50,35,55,25,25,15
321,269,Dustox,Bug,60,50,70,50,90,65
322,270,Lotad,Water,40,30,30,40,50,30
323,271,Lombre,Water,60,50,50,60,70,50
324,272,Ludicolo,Water,80,70,70,90,100,70
325,273,Seedot,Grass,40,40,50,30,30,30
326,274,Nuzleaf,Grass,70,70,40,60,40,60
327,275,Shiftry,Grass,90,100,60,90,60,80
328,276,Taillow,Normal,40,55,30,30,30,85
329,277,Swellow,Normal,60,85,60,75,50,125
330,278,Wingull,Water,40,30,30,55,30,85
331,279,Pelipper,Water,60,50,100,95,70,65
332,280,Ralts,Psychic,28,25,25,45,35,40
333,281,Kirlia,Psychic,38,35,35,65,55,50
334,282,Gardevoir,Psychic,68,65,65,125,115,80
335,282,Mega Gardevoir,Psychic,68,85,65,165,135,100
336,283,Surskit,Bug,40,30,32,50,52,65
337,284,Masquerain,Bug,70,60,62,100,82,80
338,285,Shroomish,Grass,60,40,60,40,60,35
339,286,Breloom,Grass,60,130,80,60,60,70
340,287,Slakoth,Normal,60,60,60,35,35,30
341,288,Vigoroth,Normal,80,80,80,55,55,90
342,289,Slaking,Normal,150,160,100,95,65,100
343,290,Nincada,Bug,31,45,90,30,30,40
344,291,Ninjask,Bug,61,90,45,50,50,160
345,292,Shedinja,Bug,1,90,45,30,30,40
346,293,Whismur,Normal,64,51,23,51,23,28
347,294,Loudred,Normal,84,71,43,71,43,48
348,295,Exploud,Normal,104,91,63,91,73,68
349,296,Makuhita,Fighting,72,60,30,20,30,25
350,297,Hariyama,Fighting,144,120,60,40,60,50
351,298,Azurill,Normal,50,20,40,20,40,20
352,299,Nosepass,Rock,30,45,135,45,90,30
353,300,Skitty,Normal,50,45,45,35,35,50
354,301,Delcatty,Normal,70,65,65,55,55,90
355,302,Sableye,Dark,50,75,75,65,65,50
356,302,Mega Sableye,Dark,50,85,125,85,115,20
357,303,Mawile,Steel,50,85,85,55,55,50
358,303,Mega Mawile,Steel,50,105,125,55,95,50
359,304,Aron,Steel,50,70,100,40,40,30
360,305,Lairon,Steel,60,90,140,50,50,40
361,306,Aggron,Steel,70,110,180,60,60,50
362,306,Mega Aggron,Steel,70,140,230,60,80,50
363,307,Meditite,Fighting,30,40,55,40,55,60
364,308,Medicham,Fighting,60,60,75,60,75,80
365,308,Mega Medicham,Fighting,60,100,85,80,85,100
366,309,Electrike,Electric,40,45,40,65,40,65
367,310,Manectric,Electric,70,75,60,105,60,105
368,310,Mega Manectric,Electric,70,75,80,135,80,135
369,311,Plusle,Electric,60,50,40,85,75,95
370,312,Minun,Electric,60,40,50,75,85,95
371,313,Volbeat,Bug,65,73,75,47,85,85
372,314,Illumise,Bug,65,47,75,73,85,85
373,315,Roselia,Grass,50,60,45,100,80,65
374,316,Gulpin,Poison,70,43,53,43,53,40
375,317,Swalot,Poison,100,73,83,73,83,55
376,318,Carvanha,Water,45,90,20,65,20,65
377,319,Sharpedo,Water,70,120,40,95,40,95
378,319,Mega Sharpedo,Water,70,140,70,110,65,105
379,320,Wailmer,Water,130,70,35,70,35,60
380,321,Wailord,Water,170,90,45,90,45,60
381,322,Numel,Fire,60,60,40,65,45,35
382,323,Camerupt,Fire,70,100,70,105,75,40
383,323,Mega Camerupt,Fire,70,120,100,145,105,20
384,324,Torkoal,Fire,70,85,140,85,70,20
385,325,Spoink,Psychic,60,25,35,70,80,60
386,326,Grumpig,Psychic,80,45,65,90,110,80
387,327,Spinda,Normal,60,60,60,60,60,60
388,328,Trapinch,Ground,45,100,45,45,45,10
389,329,Vibrava,Ground,50,70,50,50,50,70
390,330,Flygon,Ground,80,100,80,80,80,100
391,331,Cacnea,Grass,50,85,40,85,40,35
392,332,Cacturne,Grass,70,115,60,115,60,55
393,333,Swablu,Normal,45,40,60,40,75,50
394,334,Altaria,Dragon,75,70,90,70,105,80
395,334,Mega Altaria,Dragon,75,110,110,110,105,80
396,335,Zangoose,Normal,73,115,60,60,60,90
397,336,Seviper,Poison,73,100,60,100,60,65
398,337,Lunatone,Rock,90,55,65,95,85,70
399,338,Solrock,Rock,90,95,85,55,65,70
400,339,Barboach,Water,50,48,43,46,41,60
401,340,Whiscash,Water,110,78,73,76,71,60
402,341,Corphish,Water,43,80,65,50,35,35
403,342,Crawdaunt,Water,63,120,85,90,55,55
404,343,Baltoy,Ground,40,40,55,40,70,55
405,344,Claydol,Ground,60,70,105,70,120,75
406,345,Lileep,Rock,66,41,77,61,87,23
407,346,Cradily,Rock,86,81,97,81,107,43
408,347,Anorith,Rock,45,95,50,40,50,75
409,348,Armaldo,Rock,75,125,100,70,80,45
410,349,Feebas,Water,20,15,20,10,55,80
411,350,Milotic,Water,95,60,79,100,125,81
412,351,Castform,Normal,70,70,70,70,70,70
413,351,Castform Sunny Form,Fire,70,70,70,70,70,70
414,351,Castform Rainy Form,Water,70,70,70,70,70,70
415,351,Castform Snowy Form,Ice,70,70,70,70,70,70
416,352,Kecleon,Normal,60,90,70,60,120,40
417,353,Shuppet,Ghost,44,75,35,63,33,45
418,354,Banette,Ghost,64,115,65,83,63,65
419,354,Mega Banette,Ghost,64,165,75,93,83,75
420,355,Duskull,Ghost,20,40,90,30,90,25
421,356,Dusclops,Ghost,40,70,130,60,130,25
422,357,Tropius,Grass,99,68,83,72,87,51
423,358,Chimecho,Psychic,75,50,80,95,90,65
424,359,Absol,Dark,65,130,60,75,60,75
425,359,Mega Absol,Dark,65,150,60,115,60,115
426,360,Wynaut,Psychic,95,23,48,23,48,23
427,361,Snorunt,Ice,50,50,50,50,50,50
428,362,Glalie,Ice,80,80,80,80,80,80
429,362,Mega Glalie,Ice,80,120,80,120,80,100
430,363,Spheal,Ice,70,40,50,55,50,25
431,364,Sealeo,Ice,90,60,70,75,70,45
432,365,Walrein,Ice,110,80,90,95,90,65
433,366,Clamperl,Water,35,64,85,74,55,32
434,367,Huntail,Water,55,104,105,94,75,52
435,368,Gorebyss,Water,55,84,105,114,75,52
436,369,Relicanth,Water,100,90,130,45,65,55
437,370,Luvdisc,Water,43,30,55,40,65,97
438,371,Bagon,Dragon,45,75,60,40,30,50
439,372,Shelgon,Dragon,65,95,100,60,50,50
440,373,Salamence,Dragon,95,135,80,110,80,100
441,373,Mega Salamence,Dragon,95,145,130,120,90,120
442,374,Beldum,Steel,40,55,80,35,60,30
443,375,Metang,Steel,60,75,100,55,80,50
444,376,Metagross,Steel,80,135,130,95,90,70
445,376,Mega Metagross,Steel,80,145,150,105,110,110
446,377,Regirock,Rock,80,100,200,50,100,50
447,378,Regice,Ice,80,50,100,100,200,50
448,379,Registeel,Steel,80,75,150,75,150,50
449,380,Latias,Dragon,80,80,90,110,130,110
450,380,Mega Latias,Dragon,80,100,120,140,150,110
451,381,Latios,Dragon,80,90,80,130,110,110
452,381,Mega Latios,Dragon,80,130,100,160,120,110
453,382,Kyogre,Water,100,100,90,150,140,90
454,382,Primal Kyogre,Water,100,150,90,180,160,90
455,383,Groudon,Ground,100,150,140,100,90,90
456,383,Primal Groudon,Ground,100,180,160,150,90,90
457,384,Rayquaza,Dragon,105,150,90,150,90,95
458,384,Mega Rayquaza,Dragon,105,180,100,180,100,115
459,385,Jirachi,Steel,100,100,100,100,100,100
460,386,Deoxys Normal Forme,Psychic,50,150,50,150,50,150
461,386,Deoxys Attack Forme,Psychic,50,180,20,180,20,150
462,386,Deoxys Defense Forme,Psychic,50,70,160,70,160,90
463,386,Deoxys Speed Forme,Psychic,50,95,90,95,90,180
464,387,Turtwig,Grass,55,68,64,45,55,31
465,388,Grotle,Grass,75,89,85,55,65,36
466,389,Torterra,Grass,95,109,105,75,85,56
467,390,Chimchar,Fire,44,58,44,58,44,61
468,391,Monferno,Fire,64,78,52,78,52,81
469,392,Infernape,Fire,76,104,71,104,71,108
470,393,Piplup,Water,53,51,53,61,56,40
471,394,Prinplup,Water,64,66,68,81,76,50
472,395,Empoleon,Water,84,86,88,111,101,60
473,396,Starly,Normal,40,55,30,30,30,60
474,397,Staravia,Normal,55,75,50,40,40,80
475,398,Staraptor,Normal,85,120,70,50,60,100
476,399,Bidoof,Normal,59,45,40,35,40,31
477,400,Bibarel,Normal,79,85,60,55,60,71
478,401,Kricketot,Bug,37,25,41,25,41,25
479,402,Kricketune,Bug,77,85,51,55,51,65
480,403,Shinx,Electric,45,65,34,40,34,45
481,404,Luxio,Electric,60,85,49,60,49,60
482,405,Luxray,Electric,80,120,79,95,79,70
483,406,Budew,Grass,40,30,35,50,70,55
484,407,Roserade,Grass,60,70,65,125,105,90
485,408,Cranidos,Rock,67,125,40,30,30,58
486,409,Rampardos,Rock,97,165,60,65,50,58
487,410,Shieldon,Rock,30,42,118,42,88,30
488,411,Bastiodon,Rock,60,52,168,47,138,30
489,412,Burmy,Bug,40,29,45,29,45,36
490,413,Wormadam Plant Cloak,Bug,60,59,85,79,105,36
491,413,Wormadam Sandy Cloak,Bug,60,79,105,59,85,36
492,413,Wormadam Trash Cloak,Bug,60,69,95,69,95,36
493,414,Mothim,Bug,70,94,50,94,50,66
494,415,Combee,Bug,30,30,42,30,42,70
495,416,Vespiquen,Bug,70,80,102,80,102,40
496,417,Pachirisu,Electric,60,45,70,45,90,95
497,418,Buizel,Water,55,65,35,60,30,85
498,419,Floatzel,Water,85,105,55,85,50,115
499,420,Cherubi,Grass,45,35,45,62,53,35
500,421,Cherrim,Grass,70,60,70,87,78,85
501,422,Shellos,Water,76,48,48,57,62,34
502,423,Gastrodon,Water,111,83,68,92,82,39
503,424,Ambipom,Normal,75,100,66,60,66,115
504,425,Drifloon,Ghost,90,50,34,60,44,70
505,426,Drifblim,Ghost,150,80,44,90,54,80
506,427,Buneary,Normal,55,66,44,44,56,85
507,428,Lopunny,Normal,65,76,84,54,96,105
508,428,Mega Lopunny,Normal,65,136,94,54,96,135
509,429,Mismagius,Ghost,60,60,60,105,105,105
510,430,Honchkrow,Dark,100,125,52,105,52,71
511,431,Glameow,Normal,49,55,42,42,37,85
512,432,Purugly,Normal,71,82,64,64,59,112
513,433,Chingling,Psychic,45,30,50,65,50,45
514,434,Stunky,Poison,63,63,47,41,41,74
515,435,Skuntank,Poison,103,93,67,71,61,84
516,436,Bronzor,Steel,57,24,86,24,86,23
517,437,Bronzong,Steel,67,89,116,79,116,33
518,438,Bonsly,Rock,50,80,95,10,45,10
519,439,Mime Jr.,Psychic,20,25,45,70,90,60
520,440,Happiny,Normal,100,5,5,15,65,30
521,441,Chatot,Normal,76,65,45,92,42,91
522,442,Spiritomb,Ghost,50,92,108,92,108,35
523,443,Gible,Dragon,58,70,45,40,45,42
524,444,Gabite,Dragon,68,90,65,50,55,82
525,445,Garchomp,Dragon,108,130,95,80,85,102
526,445,Mega Garchomp,Dragon,108,170,115,120,95,92
527,446,Munchlax,Normal,135,85,40,40,85,5
528,447,Riolu,Fighting,40,70,40,35,40,60
529,448,Lucario,Fighting,70,110,70,115,70,90
530,448,Mega Lucario,Fighting,70,145,88,140,70,112
531,449,Hippopotas,Ground,68,72,78,38,42,32
532,450,Hippowdon,Ground,108,112,118,68,72,47
533,451,Skorupi,Poison,40,50,90,30,55,65
534,452,Drapion,Poison,70,90,110,60,75,95
535,453,Croagunk,Poison,48,61,40,61,40,50
536,454,Toxicroak,Poison,83,106,65,86,65,85
537,455,Carnivine,Grass,74,100,72,90,72,46
538,456,Finneon,Water,49,49,56,49,61,66
539,457,Lumineon,Water,69,69,76,69,86,91
540,458,Mantyke,Water,45,20,50,60,120,50
541,459,Snover,Grass,60,62,50,62,60,40
542,460,Abomasnow,Grass,90,92,75,92,85,60
543,460,Mega Abomasnow,Grass,90,132,105,132,105,30
544,461,Weavile,Dark,70,120,65,45,85,125
545,462,Magnezone,Electric,70,70,115,130,90,60
546,463,Lickilicky,Normal,110,85,95,80,95,50
547,464,Rhyperior,Ground,115,140,130,55,55,40
548,465,Tangrowth,Grass,100,100,125,110,50,50
549,466,Electivire,Electric,75,123,67,95,85,95
550,467,Magmortar,Fire,75,95,67,125,95,83
551,468,Togekiss,Fairy,85,50,95,120,115,80
552,469,Yanmega,Bug,86,76,86,116,56,95
553,470,Leafeon,Grass,65,110,130,60,65,95
554,471,Glaceon,Ice,65,60,110,130,95,65
555,472,Gliscor,Ground,75,95,125,45,75,95
556,473,Mamoswine,Ice,110,130,80,70,60,80
557,474,Porygon-Z,Normal,85,80,70,135,75,90
558,475,Gallade,Psychic,68,125,65,65,115,80
559,475,Mega Gallade,Psychic,68,165,95,65,115,110
560,476,Probopass,Rock,60,55,145,75,150,40
561,477,Dusknoir,Ghost,45,100,135,65,135,45
562,478,Froslass,Ice,70,80,70,80,70,110
563,479,Rotom,Electric,50,50,77,95,77,91
564,479,Heat Rotom,Electric,50,65,107,105,107,86
565,479,Wash Rotom,Electric,50,65,107,105,107,86
566,479,Frost Rotom,Electric,50,65,107,105,107,86
567,479,Fan Rotom,Electric,50,65,107,105,107,86
568,479,Mow Rotom,Electric,50,65,107,105,107,86
569,480,Uxie,Psychic,75,75,130,75,130,95
570,481,Mesprit,Psychic,80,105,105,105,105,80
571,482,Azelf,Psychic,75,125,70,125,70,115
572,483,Dialga,Steel,100,120,120,150,100,90
573,484,Palkia,Water,90,120,100,150,120,100
574,485,Heatran,Fire,91,90,106,130,106,77
575,486,Regigigas,Normal,110,160,110,80,110,100
576,487,Giratina Altered Forme,Ghost,150,100,120,100,120,90
577,487,Giratina Origin Forme,Ghost,150,120,100,120,100,90
578,488,Cresselia,Psychic,120,70,120,75,130,85
579,489,Phione,Water,80,80,80,80,80,80
580,490,Manaphy,Water,100,100,100,100,100,100
581,491,Darkrai,Dark,70,90,90,135,90,125
582,492,Shaymin Land Forme,Grass,100,100,100,100,100,100
583,492,Shaymin Sky Forme,Grass,100,103,75,120,75,127
584,493,Arceus,Normal,120,120,120,120,120,120
585,494,Victini,Psychic,100,100,100,100,100,100
586,495,Snivy,Grass,45,45,55,45,55,63
587,496,Servine,Grass,60,60,75,60,75,83
588,497,Serperior,Grass,75,75,95,75,95,113
589,498,Tepig,Fire,65,63,45,45,45,45
590,499,Pignite,Fire,90,93,55,70,55,55
591,500,Emboar,Fire,110,123,65,100,65,65
592,501,Oshawott,Water,55,55,45,63,45,45
593,502,Dewott,Water,75,75,60,83,60,60
594,503,Samurott,Water,95,100,85,108,70,70
595,504,Patrat,Normal,45,55,39,35,39,42
596,505,Watchog,Normal,60,85,69,60,69,77
597,506,Lillipup,Normal,45,60,45,25,45,55
598,507,Herdier,Normal,65,80,65,35,65,60
599,508,Stoutland,Normal,85,110,90,45,90,80
600,509,Purrloin,Dark,41,50,37,50,37,66
601,510,Liepard,Dark,64,88,50,88,50,106
602,511,Pansage,Grass,50,53,48,53,48,64
603,512,Simisage,Grass,75,98,63,98,63,101
604,513,Pansear,Fire,50,53,48,53,48,64
605,514,Simisear,Fire,75,98,63,98,63,101
606,515,Panpour,Water,50,53,48,53,48,64
607,516,Simipour,Water,75,98,63,98,63,101
608,517,Munna,Psychic,76,25,45,67,55,24
609,518,Musharna,Psychic,116,55,85,107,95,29
610,519,Pidove,Normal,50,55,50,36,30,43
611,520,Tranquill,Normal,62,77,62,50,42,65
612,521,Unfezant,Normal,80,115,80,65,55,93
613,522,Blitzle,Electric,45,60,32,50,32,76
614,523,Zebstrika,Electric,75,100,63,80,63,116
615,524,Roggenrola,Rock,55,75,85,25,25,15
616,525,Boldore,Rock,70,105,105,50,40,20
617,526,Gigalith,Rock,85,135,130,60,80,25
618,527,Woobat,Psychic,65,45,43,55,43,72
619,528,Swoobat,Psychic,67,57,55,77,55,114
620,529,Drilbur,Ground,60,85,40,30,45,68
621,530,Excadrill,Ground,110,135,60,50,65,88
622,531,Audino,Normal,103,60,86,60,86,50
623,531,Mega Audino,Normal,103,60,126,80,126,50
624,532,Timburr,Fighting,75,80,55,25,35,35
625,533,Gurdurr,Fighting,85,105,85,40,50,40
626,534,Conkeldurr,Fighting,105,140,95,55,65,45
627,535,Tympole,Water,50,50,40,50,40,64
628,536,Palpitoad,Water,75,65,55,65,55,69
629,537,Seismitoad,Water,105,95,75,85,75,74
630,538,Throh,Fighting,120,100,85,30,85,45
631,539,Sawk,Fighting,75,125,75,30,75,85
632,540,Sewaddle,Bug,45,53,70,40,60,42
633,541,Swadloon,Bug,55,63,90,50,80,42
634,542,Leavanny,Bug,75,103,80,70,80,92
635,543,Venipede,Bug,30,45,59,30,39,57
636,544,Whirlipede,Bug,40,55,99,40,79,47
637,545,Scolipede,Bug,60,100,89,55,69,112
638,546,Cottonee,Grass,40,27,60,37,50,66
639,547,Whimsicott,Grass,60,67,85,77,75,116
640,548,Petilil,Grass,45,35,50,70,50,30
641,549,Lilligant,Grass,70,60,75,110,75,90
642,550,Basculin Red-Striped Form,Water,70,92,65,80,55,98
643,550,Basculin Blue-Striped Form,Water,70,92,65,80,55,98
644,551,Sandile,Ground,50,72,35,35,35,65
645,552,Krokorok,Ground,60,82,45,45,45,74
646,553,Krookodile,Ground,95,117,80,65,70,92
647,554,Darumaka,Fire,70,90,45,15,45,50
648,554,Galarian Darumaka,Ice,70,90,45,15,45,50
649,555,Darmanitan Standard Mode,Fire,105,140,55,30,55,95
650,555,Darmanitan Zen Mode,Fire,105,30,105,140,105,55
651,555,Darmanitan Galarian Standard Mode,Ice,105,140,55,30,55,95
652,555,Darmanitan Galarian Zen Mode,Ice,105,160,55,30,55,135
653,556,Maractus,Grass,75,86,67,106,67,60
654,557,Dwebble,Bug,50,65,85,35,35,55
655,558,Crustle,Bug,70,105,125,65,75,45
656,559,Scraggy,Dark,50,75,70,35,70,48
657,560,Scrafty,Dark,65,90,115,45,115,58
658,561,Sigilyph,Psychic,72,58,80,103,80,97
659,562,Yamask,Ghost,38,30,85,55,65,30
660,562,Galarian Yamask,Ground,38,55,85,30,65,30
661,563,Cofagrigus,Ghost,58,50,145,95,105,30
662,564,Tirtouga,Water,54,78,103,53,45,22
663,565,Carracosta,Water,74,108,133,83,65,32
664,566,Archen,Rock,55,112,45,74,45,70
665,567,Archeops,Rock,75,140,65,112,65,110
666,568,Trubbish,Poison,50,50,62,40,62,65
667,569,Garbodor,Poison,80,95,82,60,82,75
668,570,Zorua,Dark,40,65,40,80,40,65
669,571,Zoroark,Dark,60,105,60,120,60,105
670,572,Minccino,Normal,55,50,40,40,40,75
671,573,Cinccino,Normal,75,95,60,65,60,115
672,574,Gothita,Psychic,45,30,50,55,65,45
673,575,Gothorita,Psychic,60,45,70,75,85,55
674,576,Gothitelle,Psychic,70,55,95,95,110,65
675,577,Solosis,Psychic,45,30,40,105,50,20
676,578,Duosion,Psychic,65,40,50,125,60,30
677,579,Reuniclus,Psychic,110,65,75,125,85,30
678,580,Ducklett,Water,62,44,50,44,50,55
679,581,Swanna,Water,75,87,63,87,63,98
680,582,Vanillite,Ice,36,50,50,65,60,44
681,583,Vanillish,Ice,51,65,65,80,75,59
682,584,Vanilluxe,Ice,71,95,85,110,95,79
683,585,Deerling,Normal,60,60,50,40,50,75
684,586,Sawsbuck,Normal,80,100,70,60,70,95
685,587,Emolga,Electric,55,75,60,75,60,103
686,588,Karrablast,Bug,50,75,45,40,45,60
687,589,Escavalier,Bug,70,135,105,60,105,20
688,590,Foongus,Grass,69,55,45,55,55,15
689,591,Amoonguss,Grass,114,85,70,85,80,30
690,592,Frillish,Water,55,40,50,65,85,40
691,593,Jellicent,Water,100,60,70,85,105,60
692,594,Alomomola,Water,165,75,80,40,45,65
693,595,Joltik,Bug,50,47,50,57,50,65
694,596,Galvantula,Bug,70,77,60,97,60,108
695,597,Ferroseed,Grass,44,50,91,24,86,10
696,598,Ferrothorn,Grass,74,94,131,54,116,20
697,599,Klink,Steel,40,55,70,45,60,30
698,600,Klang,Steel,60,80,95,70,85,50
699,601,Klinklang,Steel,60,100,115,70,85,90
700,602,Tynamo,Electric,35,55,40,45,40,60
701,603,Eelektrik,Electric,65,85,70,75,70,40
702,604,Eelektross,Electric,85,115,80,105,80,50
703,605,Elgyem,Psychic,55,55,55,85,55,30
704,606,Beheeyem,Psychic,75,75,75,125,95,40
705,607,Litwick,Ghost,50,30,55,65,55,20
706,608,Lampent,Ghost,60,40,60,95,60,55
707,609,Chandelure,Ghost,60,55,90,145,90,80
708,610,Axew,Dragon,46,87,60,30,40,57
709,611,Fraxure,Dragon,66,117,70,40,50,67
710,612,Haxorus,Dragon,76,147,90,60,70,97
711,613,Cubchoo,Ice,55,70,40,60,40,40
712,614,Beartic,Ice,95,130,80,70,80,50
713,615,Cryogonal,Ice,80,50,50,95,135,105
714,616,Shelmet,Bug,50,40,85,40,65,25
715,617,Accelgor,Bug,80,70,40,100,60,145
716,618,Stunfisk,Ground,109,66,84,81,99,32
717,618,Galarian Stunfisk,Ground,109,81,99,66,84,32
718,619,Mienfoo,Fighting,45,85,50,55,50,65
719,620,Mienshao,Fighting,65,125,60,95,60,105
720,621,Druddigon,Dragon,77,120,90,60,90,48
721,622,Golett,Ground,59,74,50,35,50,35
722,623,Golurk,Ground,89,124,80,55,80,55
723,624,Pawniard,Dark,45,85,70,40,40,60
724,625,Bisharp,Dark,65,125,100,60,70,70
725,626,Bouffalant,Normal,95,110,95,40,95,55
726,627,Rufflet,Normal,70,83,50,37,50,60
727,628,Braviary,Normal,100,123,75,57,75,80
728,629,Vullaby,Dark,70,55,75,45,65,60
729,630,Mandibuzz,Dark,110,65,105,55,95,80
730,631,Heatmor,Fire,85,97,66,105,66,65
731,632,Durant,Bug,58,109,112,48,48,109
732,633,Deino,Dark,52,65,50,45,50,38
733,634,Zweilous,Dark,72,85,70,65,70,58
734,635,Hydreigon,Dark,92,105,90,125,90,98
735,636,Larvesta,Bug,55,85,55,50,55,60
736,637,Volcarona,Bug,85,60,65,135,105,100
737,638,Cobalion,Steel,91,90,129,90,72,108
738,639,Terrakion,Rock,91,129,90,72,90,108
739,640,Virizion,Grass,91,90,72,90,129,108
740,641,Tornadus Incarnate Forme,Flying,79,115,70,125,80,111
741,641,Tornadus Therian Forme,Flying,79,100,80,110,90,121
742,642,Thundurus Incarnate Forme,Electric,79,115,70,125,80,111
743,642,Thundurus Therian Forme,Electric,79,105,70,145,80,101
744,643,Reshiram,Dragon,100,120,100,150,120,90
745,644,Zekrom,Dragon,100,150,120,120,100,90
746,645,Landorus Incarnate Forme,Ground,89,125,90,115,80,101
747,645,Landorus Therian Forme,Ground,89,145,90,105,80,91
748,646,Kyurem,Dragon,125,130,90,130,90,95
749,646,Black Kyurem,Dragon,125,170,100,120,90,95
750,646,White Kyurem,Dragon,125,120,90,170,100,95
751,647,Keldeo Ordinary Forme,Water,91,72,90,129,90,108
752,647,Keldeo Resolute Forme,Water,91,72,90,129,90,108
753,648,Meloetta Aria Forme,Normal,100,77,77,128,128,90
754,648,Meloetta Pirouette Forme,Normal,100,128,90,77,77,128
755,649,Genesect,Bug,71,120,95,120,95,99
756,650,Chespin,Grass,56,61,65,48,45,38
757,651,Quilladin,Grass,61,78,95,56,58,57
758,652,Chesnaught,Grass,88,107,122,74,75,64
759,653,Fennekin,Fire,40,45,40,62,60,60
760,654,Braixen,Fire,59,59,58,90,70,73
761,655,Delphox,Fire,75,69,72,114,100,104
762,656,Froakie,Water,41,56,40,62,44,71
763,657,Frogadier,Water,54,63,52,83,56,97
764,658,Greninja,Water,72,95,67,103,71,122
765,658,Ash-Greninja,Water,72,145,67,153,71,132
766,659,Bunnelby,Normal,38,36,38,32,36,57
767,660,Diggersby,Normal,85,56,77,50,77,78
768,661,Fletchling,Normal,45,50,43,40,38,62
769,662,Fletchinder,Fire,62,73,55,56,52,84
770,663,Talonflame,Fire,78,81,71,74,69,126
771,664,Scatterbug,Bug,38,35,40,27,25,35
772,665,Spewpa,Bug,45,22,60,27,30,29
773,666,Vivillon,Bug,80,52,50,90,50,89
774,667,Litleo,Fire,62,50,58,73,54,72
775,668,Pyroar,Fire,86,68,72,109,66,106
776,669,Flabébé,Fairy,44,38,39,61,79,42
777,670,Floette,Fairy,54,45,47,75,98,52
778,671,Florges,Fairy,78,65,68,112,154,75
779,672,Skiddo,Grass,66,65,48,62,57,52
780,673,Gogoat,Grass,123,100,62,97,81,68
781,674,Pancham,Fighting,67,82,62,46,48,43
782,675,Pangoro,Fighting,95,124,78,69,71,58
783,676,Furfrou,Normal,75,80,60,65,90,102
784,677,Espurr,Psychic,62,48,54,63,60,68
785,678,Meowstic Male,Psychic,74,48,76,83,81,104
786,678,Meowstic Female,Psychic,74,48,76,83,81,104
787,679,Honedge,Steel,45,80,100,35,37,28
788,680,Doublade,Steel,59,110,150,45,49,35
789,681,Aegislash Blade Forme,Steel,60,150,50,150,50,60
790,681,Aegislash Shield Forme,Steel,60,50,150,50,150,60
791,682,Spritzee,Fairy,78,52,60,63,65,23
792,683,Aromatisse,Fairy,101,72,72,99,89,29
793,684,Swirlix,Fairy,62,48,66,59,57,49
794,685,Slurpuff,Fairy,82,80,86,85,75,72
795,686,Inkay,Dark,53,54,53,37,46,45
796,687,Malamar,Dark,86,92,88,68,75,73
797,688,Binacle,Rock,42,52,67,39,56,50
798,689,Barbaracle,Rock,72,105,115,54,86,68
799,690,Skrelp,Poison,50,60,60,60,60,30
800,691,Dragalge,Poison,65,75,90,97,123,44
801,692,Clauncher,Water,50,53,62,58,63,44
802,693,Clawitzer,Water,71,73,88,120,89,59
803,694,Helioptile,Electric,44,38,33,61,43,70
804,695,Heliolisk,Electric,62,55,52,109,94,109
805,696,Tyrunt,Rock,58,89,77,45,45,48
806,697,Tyrantrum,Rock,82,121,119,69,59,71
807,698,Amaura,Rock,77,59,50,67,63,46
808,699,Aurorus,Rock,123,77,72,99,92,58
809,700,Sylveon,Fairy,95,65,65,110,130,60
810,701,Hawlucha,Fighting,78,92,75,74,63,118
811,702,Dedenne,Electric,67,58,57,81,67,101
812,703,Carbink,Rock,50,50,150,50,150,50
813,704,Goomy,Dragon,45,50,35,55,75,40
814,705,Sliggoo,Dragon,68,75,53,83,113,60
815,706,Goodra,Dragon,90,100,70,110,150,80
816,707,Klefki,Steel,57,80,91,80,87,75
817,708,Phantump,Ghost,43,70,48,50,60,38
818,709,Trevenant,Ghost,85,110,76,65,82,56
819,710,Pumpkaboo Average Size,Ghost,49,66,70,44,55,51
820,710,Pumpkaboo Small Size,Ghost,44,66,70,44,55,56
821,710,Pumpkaboo Large Size,Ghost,54,66,70,44,55,46
822,710,Pumpkaboo Super Size,Ghost,59,66,70,44,55,41
823,711,Gourgeist Average Size,Ghost,65,90,122,58,75,84
824,711,Gourgeist Small Size,Ghost,55,85,122,58,75,99
825,711,Gourgeist Large Size,Ghost,75,95,122,58,75,69
826,711,Gourgeist Super Size,Ghost,85,100,122,58,75,54
827,712,Bergmite,Ice,55,69,85,32,35,28
828,713,Avalugg,Ice,95,117,184,44,46,28
829,714,Noibat,Flying,40,30,35,45,40,55
830,715,Noivern,Flying,85,70,80,97,80,123
831,716,Xerneas,Fairy,126,131,95,131,98,99
832,717,Yveltal,Dark,126,131,95,131,98,99
833,718,Zygarde 50% Forme,Dragon,108,100,121,81,95,95
834,718,Zygarde 10% Forme,Dragon,54,100,71,61,85,115
835,718,Zygarde Complete Forme,Dragon,216,100,121,91,95,85
836,719,Diancie,Rock,50,100,150,100,150,50
837,719,Mega Diancie,Rock,50,160,110,160,110,110
838,720,Hoopa Hoopa Confined,Psychic,80,110,60,150,130,70
839,720,Hoopa Hoopa Unbound,Psychic,80,160,60,170,130,80
840,721,Volcanion,Fire,80,110,120,130,90,70
841,722,Rowlet,Grass,68,55,55,50,50,42
842,723,Dartrix,Grass,78,75,75,70,70,52
843,724,Decidueye,Grass,78,107,75,100,100,70
844,725,Litten,Fire,45,65,40,60,40,70
845,726,Torracat,Fire,65,85,50,80,50,90
846,727,Incineroar,Fire,95,115,90,80,90,60
847,728,Popplio,Water,50,54,54,66,56,40
848,729,Brionne,Water,60,69,69,91,81,50
849,730,Primarina,Water,80,74,74,126,116,60
850,731,Pikipek,Normal,35,75,30,30,30,65
851,732,Trumbeak,Normal,55,85,50,40,50,75
852,733,Toucannon,Normal,80,120,75,75,75,60
853,734,Yungoos,Normal,48,70,30,30,30,45
854,735,Gumshoos,Normal,88,110,60,55,60,45
855,736,Grubbin,Bug,47,62,45,55,45,46
856,737,Charjabug,Bug,57,82,95,55,75,36
857,738,Vikavolt,Bug,77,70,90,145,75,43
858,739,Crabrawler,Fighting,47,82,57,42,47,63
859,740,Crabominable,Fighting,97,132,77,62,67,43
860,741,Oricorio Baile Style,Fire,75,70,70,98,70,93
861,741,Oricorio Pom-Pom Style,Electric,75,70,70,98,70,93
862,741,Oricorio Pa'u Style,Psychic,75,70,70,98,70,93
863,741,Oricorio Sensu Style,Ghost,75,70,70,98,70,93
864,742,Cutiefly,Bug,40,45,40,55,40,84
865,743,Ribombee,Bug,60,55,60,95,70,124
866,744,Rockruff,Rock,45,65,40,30,40,60
867,744,Own Tempo Rockruff,Rock,45,65,40,30,40,60
868,745,Lycanroc Midday Form,Rock,75,115,65,55,65,112
869,745,Lycanroc Midnight Form,Rock,85,115,75,55,75,82
870,745,Lycanroc Dusk Form,Rock,75,117,65,55,65,110
871,746,Wishiwashi Solo Form,Water,45,20,20,25,25,40
872,746,Wishiwashi School Form,Water,45,140,130,140,135,30
873,747,Mareanie,Poison,50,53,62,43,52,45
874,748,Toxapex,Poison,50,63,152,53,142,35
875,749,Mudbray,Ground,70,100,70,45,55,45
876,750,Mudsdale,Ground,100,125,100,55,85,35
877,751,Dewpider,Water,38,40,52,40,72,27
878,752,Araquanid,Water,68,70,92,50,132,42
879,753,Fomantis,Grass,40,55,35,50,35,35
880,754,Lurantis,Grass,70,105,90,80,90,45
881,755,Morelull,Grass,40,35,55,65,75,15
882,756,Shiinotic,Grass,60,45,80,90,100,30
883,757,Salandit,Poison,48,44,40,71,40,77
884,758,Salazzle,Poison,68,64,60,111,60,117
885,759,Stufful,Normal,70,75,50,45,50,50
886,760,Bewear,Normal,120,125,80,55,60,60
887,761,Bounsweet,Grass,42,30,38,30,38,32
888,762,Steenee,Grass,52,40,48,40,48,62
889,763,Tsareena,Grass,72,120,98,50,98,72
890,764,Comfey,Fairy,51,52,90,82,110,100
891,765,Oranguru,Normal,90,60,80,90,110,60
892,766,Passimian,Fighting,100,120,90,40,60,80
893,767,Wimpod,Bug,25,35,40,20,30,80
894,768,Golisopod,Bug,75,125,140,60,90,40
895,769,Sandygast,Ghost,55,55,80,70,45,15
896,770,Palossand,Ghost,85,75,110,100,75,35
897,771,Pyukumuku,Water,55,60,130,30,130,5
898,772,Type: Null,Normal,95,95,95,95,95,59
899,773,Silvally,Normal,95,95,95,95,95,95
900,774,Minior Meteor Form,Rock,60,60,100,60,100,60
901,774,Minior Core Form,Rock,60,100,60,100,60,120
902,775,Komala,Normal,65,115,65,75,95,65
903,776,Turtonator,Fire,60,78,135,91,85,36
904,777,Togedemaru,Electric,65,98,63,40,73,96
905,778,Mimikyu,Ghost,55,90,80,50,105,96
906,779,Bruxish,Water,68,105,70,70,70,92
907,780,Drampa,Normal,78,60,85,135,91,36
908,781,Dhelmise,Ghost,70,131,100,86,90,40
909,782,Jangmo-o,Dragon,45,55,65,45,45,45
910,783,Hakamo-o,Dragon,55,75,90,65,70,65
911,784,Kommo-o,Dragon,75,110,125,100,105,85
912,785,Tapu Koko,Electric,70,115,85,95,75,130
913,786,Tapu Lele,Psychic,70,85,75,130,115,95
914,787,Tapu Bulu,Grass,70,130,115,85,95,75
915,788,Tapu Fini,Water,70,75,115,95,130,85
916,789,Cosmog,Psychic,43,29,31,29,31,37
917,790,Cosmoem,Psychic,43,29,131,29,131,37
918,791,Solgaleo,Psychic,137,137,107,113,89,97
919,792,Lunala,Psychic,137,113,89,137,107,97
920,793,Nihilego,Rock,109,53,47,127,131,103
921,794,Buzzwole,Bug,107,139,139,53,53,79
922,795,Pheromosa,Bug,71,137,37,137,37,151
923,796,Xurkitree,Electric,83,89,71,173,71,83
924,797,Celesteela,Steel,97,101,103,107,101,61
925,798,Kartana,Grass,59,181,131,59,31,109
926,799,Guzzlord,Dark,223,101,53,97,53,43
927,800,Necrozma,Psychic,97,107,101,127,89,79
928,800,Dusk Mane Necrozma,Psychic,97,157,127,113,109,77
929,800,Dawn Wings Necrozma,Psychic,97,113,109,157,127,77
930,800,Ultra Necrozma,Psychic,97,167,97,167,97,129
931,801,Magearna,Steel,80,95,115,130,115,65
932,802,Marshadow,Fighting,90,125,80,90,90,125
933,803,Poipole,Poison,67,73,67,73,67,73
934,804,Naganadel,Poison,73,73,73,127,73,121
935,805,Stakataka,Rock,61,131,211,53,101,13
936,806,Blacephalon,Fire,53,127,53,151,79,107
937,807,Zeraora,Electric,88,112,75,102,80,143
938,808,Meltan,Steel,46,65,65,55,35,34
939,809,Melmetal,Steel,135,143,143,80,65,34
940,810,Grookey,Grass,50,65,50,40,40,65
941,811,Thwackey,Grass,70,85,70,55,60,80
942,812,Rillaboom,Grass,100,125,90,60,70,85
943,813,Scorbunny,Fire,50,71,40,40,40,69
944,814,Raboot,Fire,65,86,60,55,60,94
945,815,Cinderace,Fire,80,116,75,65,75,119
946,816,Sobble,Water,50,40,40,70,40,70
947,817,Drizzile,Water,65,60,55,95,55,90
948,818,Inteleon,Water,70,85,65,125,65,120
949,819,Skwovet,Normal,70,55,55,35,35,25
950,820,Greedent,Normal,120,95,95,55,75,20
951,821,Rookidee,Flying,38,47,35,33,35,57
952,822,Corvisquire,Flying,68,67,55,43,55,77
953,823,Corviknight,Flying,98,87,105,53,85,67
954,824,Blipbug,Bug,25,20,20,25,45,45
955,825,Dottler,Bug,50,35,80,50,90,30
956,826,Orbeetle,Bug,60,45,110,80,120,90
957,827,Nickit,Dark,40,28,28,47,52,50
958,828,Thievul,Dark,70,58,58,87,92,90
959,829,Gossifleur,Grass,40,40,60,40,60,10
960,830,Eldegoss,Grass,60,50,90,80,120,60
961,831,Wooloo,Normal,42,40,55,40,45,48
962,832,Dubwool,Normal,72,80,100,60,90,88
963,833,Chewtle,Water,50,64,50,38,38,44
964,834,Drednaw,Water,90,115,90,48,68,74
965,835,Yamper,Electric,59,45,50,40,50,26
966,836,Boltund,Electric,69,90,60,90,60,121
967,837,Rolycoly,Rock,30,40,50,40,50,30
968,838,Carkol,Rock,80,60,90,60,70,50
969,839,Coalossal,Rock,110,80,120,80,90,30
970,840,Applin,Grass,40,40,80,40,40,20
971,841,Flapple,Grass,70,110,80,95,60,70
972,842,Appletun,Grass,110,85,80,100,80,30
973,843,Silicobra,Ground,52,57,75,35,50,46
974,844,Sandaconda,Ground,72,107,125,65,70,71
975,845,Cramorant,Flying,70,85,55,85,95,85
976,846,Arrokuda,Water,41,63,40,40,30,66
977,847,Barraskewda,Water,61,123,60,60,50,136
978,848,Toxel,Electric,40,38,35,54,35,40
979,849,Toxtricity Low Key Form,Electric,75,98,70,114,70,75
980,849,Toxtricity Amped Form,Electric,75,98,70,114,70,75
981,850,Sizzlipede,Fire,50,65,45,50,50,45
982,851,Centiskorch,Fire,100,115,65,90,90,65
983,852,Clobbopus,Fighting,50,68,60,50,50,32
984,853,Grapploct,Fighting,80,118,90,70,80,42
985,854,Sinistea,Ghost,40,45,45,74,54,50
986,855,Polteageist,Ghost,60,65,65,134,114,70
987,856,Hatenna,Psychic,42,30,45,56,53,39
988,857,Hattrem,Psychic,57,40,65,86,73,49
989,858,Hatterene,Psychic,57,90,95,136,103,29
990,859,Impidimp,Dark,45,45,30,55,40,50
991,860,Morgrem,Dark,65,60,45,75,55,70
992,861,Grimmsnarl,Dark,95,120,65,95,75,60
993,862,Obstagoon,Dark,93,90,101,60,81,95
994,863,Perrserker,Steel,70,110,100,50,60,50
995,864,Cursola,Ghost,60,95,50,145,130,30
996,865,Sirfetch'd,Fighting,62,135,95,68,82,65
997,866,Mr. Rime,Psychic,80,85,75,110,100,70
998,867,Runerigus,Ground,58,95,145,50,105,30
999,868,Milcery,Fairy,45,40,40,50,61,34
1000,869,Alcremie,Fairy,65,60,75,110,121,64
1001,870,Falinks,Fighting,65,100,100,70,60,75
1002,871,Pincurchin,Electric,48,101,95,91,85,15
1003,872,Snom,Ice,30,25,35,45,30,20
1004,873,Frosmoth,Ice,70,65,60,125,90,65
1005,874,Stonjourner,Rock,100,125,135,20,20,70
1006,875,Eiscue Ice Face,Ice,75,80,110,65,90,50
1007,875,Eiscue Noice Face,Ice,75,80,70,65,50,130
1008,876,Indeedee Male,Psychic,60,65,55,105,95,95
1009,876,Indeedee Female,Psychic,70,55,65,95,105,85
1010,877,Morpeko Full Belly Mode,Electric,58,95,58,70,58,97
1011,877,Morpeko Hangry Mode,Electric,58,95,58,70,58,97
1012,878,Cufant,Steel,72,80,49,40,49,40
1013,879,Copperajah,Steel,122,130,69,80,69,30
1014,880,Dracozolt,Electric,90,100,90,80,70,75
1015,881,Arctozolt,Electric,90,100,90,90,80,55
1016,882,Dracovish,Water,90,90,100,70,80,75
1017,883,Arctovish,Water,90,90,100,80,90,55
1018,884,Duraludon,Steel,70,95,115,120,50,85
1019,885,Dreepy,Dragon,28,60,30,40,30,82
1020,886,Drakloak,Dragon,68,80,50,60,50,102
1021,887,Dragapult,Dragon,88,120,75,100,75,142
1022,888,Zacian Crowned Sword,Fairy,92,170,115,80,115,148
1023,888,Zacian Hero of Many Battles,Fairy,92,130,115,80,115,138
1024,889,Zamazenta Crowned Shield,Fighting,92,130,145,80,145,128
1025,889,Zamazenta Hero of Many Battles,Fighting,92,130,115,80,115,138
1026,890,Eternatus,Poison,140,85,95,145,95,130
1027,890,Eternatus Eternamax,Poison,255,115,250,125,250,130
